{
  "model_id": "Qwen/Qwen3.5-27B",
  "layer": 53,
  "psalm_text": "Yea, though I walk through the valley of the shadow of death, I will fear no evil: for thou art with me; thy rod and thy staff they comfort me.",
  "n_emotions": 171,
  "emotion_cosines": {
    "afraid": -0.0008906442672014236,
    "alarmed": -0.053492262959480286,
    "alert": 0.023470893502235413,
    "amazed": 0.06497985869646072,
    "amused": -0.004959341138601303,
    "angry": -0.05269436165690422,
    "annoyed": -0.0787535086274147,
    "anxious": -0.015432378277182579,
    "aroused": 0.10647193342447281,
    "ashamed": 0.07860967516899109,
    "astonished": 0.08847546577453613,
    "at ease": 0.009771471843123436,
    "awestruck": 0.12191762030124664,
    "bewildered": 0.0861690416932106,
    "bitter": -0.010669190436601639,
    "blissful": 0.047086067497730255,
    "bored": -0.09046976268291473,
    "brooding": 0.011367451399564743,
    "calm": 0.10099068284034729,
    "cheerful": -0.08335374295711517,
    "compassionate": 0.060490455478429794,
    "contemptuous": 0.008296199142932892,
    "content": -0.32657667994499207,
    "defiant": 0.060738541185855865,
    "delighted": 0.03612111881375313,
    "dependent": 0.0027411067858338356,
    "depressed": 0.027551624923944473,
    "desperate": -0.0426875576376915,
    "disdainful": -0.0073237344622612,
    "disgusted": -0.011081172153353691,
    "disoriented": 0.018806958571076393,
    "dispirited": -0.03782588243484497,
    "distressed": -0.011816921643912792,
    "disturbed": 0.07593222707509995,
    "docile": 0.10922439396381378,
    "droopy": 0.08287350833415985,
    "dumbstruck": 0.07726030051708221,
    "eager": -0.02413466013967991,
    "ecstatic": -0.06996292620897293,
    "elated": 0.03171851485967636,
    "embarrassed": -0.09893283247947693,
    "empathetic": 0.035459667444229126,
    "energized": -0.019608933478593826,
    "enraged": -0.030441302806138992,
    "enthusiastic": -0.04972861707210541,
    "envious": -0.0037239431403577328,
    "euphoric": -0.02328658290207386,
    "exasperated": -0.09436105191707611,
    "excited": 0.006325610913336277,
    "exuberant": -0.076321080327034,
    "frightened": 0.0358441099524498,
    "frustrated": -0.10304111242294312,
    "fulfilled": -0.0010667992755770683,
    "furious": -0.029488252475857735,
    "gloomy": 0.0464637316763401,
    "grateful": 0.07316822558641434,
    "greedy": -0.004029795527458191,
    "grief-stricken": 0.07708735764026642,
    "grumpy": -0.15684932470321655,
    "guilty": 0.056005995720624924,
    "happy": -0.04153444245457649,
    "hateful": -0.0026322752237319946,
    "heartbroken": 0.11385123431682587,
    "hope": -0.007161527872085571,
    "hopeful": -0.06253187358379364,
    "horrified": 0.0367111936211586,
    "hostile": 0.06874563544988632,
    "humiliated": -0.06076091527938843,
    "hurt": 0.013513049110770226,
    "hysterical": -0.026704728603363037,
    "impatient": -0.12173959612846375,
    "indifferent": -0.09333986043930054,
    "indignant": 0.077705517411232,
    "infatuated": -0.0914192795753479,
    "inspired": -0.006886099930852652,
    "insulted": 0.01855603978037834,
    "invigorated": -0.004559199791401625,
    "irate": -0.06293134391307831,
    "irritated": -0.08755513280630112,
    "jealous": -0.12161995470523834,
    "joyful": -0.0022926591336727142,
    "jubilant": -0.010132234543561935,
    "kind": 0.04731795936822891,
    "lazy": -0.07510008662939072,
    "listless": -0.06963745504617691,
    "lonely": -0.04518399387598038,
    "loving": 0.05225268751382828,
    "mad": 0.11092330515384674,
    "melancholy": 0.09706251323223114,
    "miserable": 0.0021672323346138,
    "mortified": -0.05088994652032852,
    "mystified": 0.06553752720355988,
    "nervous": -0.021326959133148193,
    "nostalgic": 0.0014418205246329308,
    "obstinate": 0.031599972397089005,
    "offended": 0.005217399448156357,
    "on edge": -0.046682365238666534,
    "optimistic": 0.0029975157231092453,
    "outraged": 0.031187454238533974,
    "overwhelmed": -0.05660008266568184,
    "panicked": -0.056058600544929504,
    "paranoid": -0.07766677439212799,
    "patient": 0.04065985232591629,
    "peaceful": 0.06241511553525925,
    "perplexed": 0.07220232486724854,
    "playful": -0.023902051150798798,
    "pleased": -0.027048304677009583,
    "proud": -0.023419734090566635,
    "puzzled": -0.03233394771814346,
    "rattled": 0.07665259391069412,
    "reflective": -0.059231989085674286,
    "refreshed": 0.019958674907684326,
    "regretful": 0.08561255037784576,
    "rejuvenated": -0.007239425554871559,
    "relaxed": -0.0197819285094738,
    "relieved": -0.09446442127227783,
    "remorseful": 0.09649553894996643,
    "resentful": -0.08798454701900482,
    "resigned": -0.02457195520401001,
    "restless": -0.12253037840127945,
    "sad": -0.005520387087017298,
    "safe": 0.03715650364756584,
    "satisfied": 0.02934533916413784,
    "scared": 0.03824339434504509,
    "scornful": -0.07539908587932587,
    "self-confident": 0.06430331617593765,
    "self-conscious": -0.0386396087706089,
    "self-critical": -0.044866159558296204,
    "sensitive": 0.010527284815907478,
    "sentimental": 0.07478535175323486,
    "serene": 0.07325427234172821,
    "shaken": 0.0733737051486969,
    "shocked": 0.0562206469476223,
    "skeptical": -0.025214821100234985,
    "sleepy": -0.012383375316858292,
    "sluggish": -0.013632435351610184,
    "smug": 0.008407612331211567,
    "sorry": 0.08024350553750992,
    "spiteful": 0.03967869281768799,
    "stimulated": 0.039946433156728745,
    "stressed": -0.02514643408358097,
    "stubborn": -0.002985553815960884,
    "stuck": 0.03288238123059273,
    "sullen": -0.03308184817433357,
    "surprised": 0.13489452004432678,
    "suspicious": 0.0091886380687356,
    "sympathetic": -0.07497575879096985,
    "tense": 0.018859002739191055,
    "terrified": 0.0517636239528656,
    "thankful": -0.033437132835388184,
    "thrilled": 0.021002763882279396,
    "tired": -0.037670597434043884,
    "tormented": 0.01607293263077736,
    "trapped": -0.028302766382694244,
    "triumphant": -0.030611613765358925,
    "troubled": 0.06182733178138733,
    "uneasy": 0.013437127694487572,
    "unhappy": -0.0021802447736263275,
    "unnerved": 0.013600125908851624,
    "unsettled": 0.07065422087907791,
    "upset": -0.0085816141217947,
    "valiant": 0.13084256649017334,
    "vengeful": -0.058991655707359314,
    "vibrant": 0.03445643559098244,
    "vigilant": -0.026284074410796165,
    "vindictive": 0.013638690114021301,
    "vulnerable": 0.09011317044496536,
    "weary": -0.004059544764459133,
    "worn out": -0.09425529092550278,
    "worried": -0.06393665075302124,
    "worthless": 0.036149997264146805
  }
}