{
  "model_id": "Qwen/Qwen3.5-27B",
  "layer": 53,
  "n_scenarios": 150,
  "n_emotions": 171,
  "mean_psalm_induced_delta": {
    "surprised": 0.026332369049390156,
    "awestruck": 0.026187212752799192,
    "hope": 0.025087171606719492,
    "mystified": 0.024676278593639533,
    "grateful": 0.022760659474879503,
    "valiant": 0.02230182194461425,
    "amazed": 0.020863299934814374,
    "perplexed": 0.020084921382367612,
    "docile": 0.0192362376054128,
    "loving": 0.018115264972050984,
    "obstinate": 0.017714248454819122,
    "uneasy": 0.016932786107063294,
    "jubilant": 0.016035634906341634,
    "patient": 0.015799949057400228,
    "remorseful": 0.015789403561502695,
    "melancholy": 0.015375689330200355,
    "spiteful": 0.015370045353968938,
    "defiant": 0.015169066935777664,
    "blissful": 0.013740176086624463,
    "horrified": 0.013385934761414925,
    "calm": 0.01328743740916252,
    "vindictive": 0.013101349572340647,
    "brooding": 0.013022367917001247,
    "exasperated": 0.01210791029036045,
    "sad": 0.011759684216231107,
    "heartbroken": 0.01157372534275055,
    "satisfied": 0.011430526866267126,
    "regretful": 0.011243915936599175,
    "safe": 0.010900932264824708,
    "relaxed": 0.010748700456072886,
    "peaceful": 0.01067504937450091,
    "elated": 0.010351157172893484,
    "nervous": 0.01018170705686013,
    "sentimental": 0.010030580100913842,
    "lonely": 0.00988321976736188,
    "serene": 0.009878419289986293,
    "stubborn": 0.009608290855151911,
    "bewildered": 0.009540917327006657,
    "rejuvenated": 0.00914401416356365,
    "unnerved": 0.009095368335644404,
    "grief-stricken": 0.009065505148222049,
    "hurt": 0.008904273323714733,
    "kind": 0.008726627801855406,
    "self-confident": 0.007828646966566643,
    "disturbed": 0.007531533613801002,
    "amused": 0.00675830490887165,
    "cheerful": 0.006478390420476596,
    "compassionate": 0.006433529369533062,
    "inspired": 0.006119995418315132,
    "unsettled": 0.0060316977960368,
    "vulnerable": 0.005945671449104945,
    "reflective": 0.005651451324423154,
    "sorry": 0.004810306370879213,
    "suspicious": 0.00474811002612114,
    "stuck": 0.004615990519523621,
    "hysterical": 0.004611830577875177,
    "content": 0.004504444201787313,
    "indignant": 0.004470635826388995,
    "alarmed": 0.004421963730516533,
    "puzzled": 0.004273861218243837,
    "at ease": 0.00414892990142107,
    "joyful": 0.004051081836223602,
    "smug": 0.004038745254899064,
    "astonished": 0.003910135372231404,
    "disdainful": 0.0038020116044208407,
    "thrilled": 0.0037034235304842394,
    "proud": 0.003628346584737301,
    "vigilant": 0.003542164030174414,
    "vibrant": 0.003540069659550985,
    "on edge": 0.0034691868784526986,
    "nostalgic": 0.0024904324921468895,
    "euphoric": 0.0024235771658519902,
    "disgusted": 0.002422614161235591,
    "depressed": 0.00206096351146698,
    "worn out": 0.0019998784673710664,
    "shocked": 0.0019284824701026081,
    "delighted": 0.0013603046288092932,
    "dumbstruck": 0.0006790713469187418,
    "invigorated": 0.0006227035510043303,
    "tired": 0.00031414547624687353,
    "alert": -0.00037237134762108326,
    "skeptical": -0.0007412264744440715,
    "scared": -0.0007476922372976939,
    "playful": -0.0007784396906693776,
    "miserable": -0.0011246918017665546,
    "embarrassed": -0.0013700619091590246,
    "contemptuous": -0.0014631777442991733,
    "refreshed": -0.0014674989879131317,
    "lazy": -0.0014711668776969116,
    "shaken": -0.001609586626291275,
    "disoriented": -0.0016163692126671472,
    "fulfilled": -0.0018419824354350568,
    "insulted": -0.0018521732836961746,
    "triumphant": -0.0022086667393644652,
    "resentful": -0.0022374569873015084,
    "optimistic": -0.0022623440033445754,
    "eager": -0.0024157005672653517,
    "paranoid": -0.0024297572672367096,
    "ecstatic": -0.0026951922476291658,
    "terrified": -0.003029337873061498,
    "sullen": -0.0035501400629679362,
    "vengeful": -0.004307972292105357,
    "thankful": -0.004789630596836408,
    "sympathetic": -0.004849338506658872,
    "scornful": -0.00490819791952769,
    "guilty": -0.0055007937690243125,
    "afraid": -0.005514851498107116,
    "frightened": -0.005666931706170241,
    "dependent": -0.005739742790659269,
    "mad": -0.006208019604285558,
    "tense": -0.006354542042439183,
    "energized": -0.0064058630292614304,
    "resigned": -0.006494879269351562,
    "anxious": -0.0065071510151028635,
    "worried": -0.0069013749280323585,
    "empathetic": -0.006963243968784809,
    "panicked": -0.007021346675852935,
    "greedy": -0.007290162518620491,
    "self-critical": -0.007357828797151645,
    "droopy": -0.007382684350013733,
    "bitter": -0.007635237400730451,
    "weary": -0.00780147319038709,
    "rattled": -0.008206012944380442,
    "happy": -0.00840283334410439,
    "trapped": -0.00877763466599087,
    "self-conscious": -0.008932553709795078,
    "stimulated": -0.009118816157182057,
    "mortified": -0.009199026826148232,
    "irate": -0.009215900748968124,
    "sleepy": -0.009391609603383888,
    "pleased": -0.00943812041853865,
    "infatuated": -0.009695463826258978,
    "relieved": -0.010111803859472275,
    "envious": -0.010221591563895344,
    "gloomy": -0.01023482047021389,
    "restless": -0.010577820986509324,
    "troubled": -0.010617982049783072,
    "outraged": -0.01073991509154439,
    "offended": -0.010770900171870986,
    "exuberant": -0.010771940718404949,
    "indifferent": -0.010777721839646499,
    "hateful": -0.01130385383653144,
    "listless": -0.011343531897291542,
    "sluggish": -0.011489890565474828,
    "tormented": -0.012092672884464264,
    "furious": -0.012291137004892032,
    "hopeful": -0.012363583833600084,
    "aroused": -0.013015889624754588,
    "bored": -0.01306254018098116,
    "annoyed": -0.013357163127511739,
    "worthless": -0.013371209350104133,
    "unhappy": -0.013842214923352003,
    "impatient": -0.014418475007017454,
    "enthusiastic": -0.0149451334712406,
    "excited": -0.015427674055099488,
    "ashamed": -0.01593920757373174,
    "hostile": -0.016782891663412253,
    "distressed": -0.016860978106657664,
    "overwhelmed": -0.016925157330309352,
    "dispirited": -0.01744060331645111,
    "desperate": -0.01790623342618346,
    "enraged": -0.01790819810703397,
    "frustrated": -0.018074269350618125,
    "sensitive": -0.019257248838742573,
    "stressed": -0.0196008109425505,
    "upset": -0.0202546235298117,
    "humiliated": -0.020764973269154628,
    "grumpy": -0.02126822419464588,
    "jealous": -0.023224425638715428,
    "angry": -0.023287368677556514,
    "irritated": -0.024331079584856828
  },
  "bare_psalm_emotion_cosines": {
    "afraid": -0.0008906442672014236,
    "alarmed": -0.053492262959480286,
    "alert": 0.023470893502235413,
    "amazed": 0.06497985869646072,
    "amused": -0.004959341138601303,
    "angry": -0.05269436165690422,
    "annoyed": -0.0787535086274147,
    "anxious": -0.015432378277182579,
    "aroused": 0.10647193342447281,
    "ashamed": 0.07860967516899109,
    "astonished": 0.08847546577453613,
    "at ease": 0.009771471843123436,
    "awestruck": 0.12191762030124664,
    "bewildered": 0.0861690416932106,
    "bitter": -0.010669190436601639,
    "blissful": 0.047086067497730255,
    "bored": -0.09046976268291473,
    "brooding": 0.011367451399564743,
    "calm": 0.10099068284034729,
    "cheerful": -0.08335374295711517,
    "compassionate": 0.060490455478429794,
    "contemptuous": 0.008296199142932892,
    "content": -0.32657667994499207,
    "defiant": 0.060738541185855865,
    "delighted": 0.03612111881375313,
    "dependent": 0.0027411067858338356,
    "depressed": 0.027551624923944473,
    "desperate": -0.0426875576376915,
    "disdainful": -0.0073237344622612,
    "disgusted": -0.011081172153353691,
    "disoriented": 0.018806958571076393,
    "dispirited": -0.03782588243484497,
    "distressed": -0.011816921643912792,