{
  "n_scenarios": 20,
  "best_layer": 18,
  "K": 30,
  "afraid_idx": 12,
  "angry_idx": 27,
  "afraid_mean": 0.07481992989778519,
  "afraid_std": 0.02493906579911709,
  "angry_mean": -0.005271252244710922,
  "angry_std": 0.031301386654376984,
  "afraid_pass": true,
  "angry_pass": true,
  "gate_overall_pass": true,
  "all_clusters_mean": {
    "cheerful": -0.04470682889223099,
    "vibrant": 0.0492323599755764,
    "eager": 0.03518814593553543,
    "excited": 0.04716864973306656,
    "inspired": -0.03982795029878616,
    "hope": -0.014680931344628334,
    "content": -0.4903886318206787,
    "loving": -0.05411665514111519,
    "at ease": 0.06316494941711426,
    "aroused": 0.019789734855294228,
    "rattled": 0.18760572373867035,
    "dumbstruck": -0.03420165926218033,
    "afraid": 0.07481992989778519,
    "annoyed": -0.05934577435255051,
    "depressed": 0.09288625419139862,
    "dependent": 0.06113048270344734,
    "amused": 0.001688671880401671,
    "defiant": -0.0331975594162941,
    "valiant": 0.06488730013370514,
    "grateful": -0.04901563376188278,
    "bewildered": 0.019926246255636215,
    "amazed": 0.051761627197265625,
    "bitter": 9.04108674149029e-05,
    "ashamed": 0.08450061082839966,
    "indifferent": -0.07133032381534576,
    "distressed": 0.11279337108135223,
    "dispirited": 0.03831389546394348,
    "angry": -0.005271252244710922,
    "infatuated": -0.05790972709655762,
    "greedy": -0.06458039581775665
  },
  "all_clusters_std": {
    "cheerful": 0.01640508323907852,
    "vibrant": 0.018296200782060623,
    "eager": 0.022381504997611046,
    "excited": 0.020525915548205376,
    "inspired": 0.0164872445166111,
    "hope": 0.025581516325473785,
    "content": 0.018828991800546646,
    "loving": 0.018638167530298233,
    "at ease": 0.023078858852386475,
    "aroused": 0.029399026185274124,
    "rattled": 0.01333242654800415,
    "dumbstruck": 0.024012576788663864,
    "afraid": 0.02493906579911709,
    "annoyed": 0.02458271011710167,
    "depressed": 0.01995503343641758,
    "dependent": 0.015972113236784935,
    "amused": 0.026473315432667732,
    "defiant": 0.02677338570356369,
    "valiant": 0.018952911719679832,
    "grateful": 0.020721865817904472,
    "bewildered": 0.01898845098912716,
    "amazed": 0.013465301133692265,
    "bitter": 0.027135565876960754,
    "ashamed": 0.020895738154649734,
    "indifferent": 0.024758974090218544,
    "distressed": 0.021786879748106003,
    "dispirited": 0.022182978689670563,
    "angry": 0.031301386654376984,
    "infatuated": 0.02244485914707184,
    "greedy": 0.016845135018229485
  },
  "per_scenario_profiles": [
    [
      -0.05648116394877434,
      0.020939672365784645,
      0.06458969414234161,
      0.04597284644842148,
      -0.04125432297587395,
      -0.038022566586732864,
      -0.5335214138031006,
      -0.060470517724752426,
      0.059503234922885895,
      -0.0356806144118309,
      0.18514356017112732,
      -0.04547034949064255,
      0.05631456524133682,
      -0.03102039359509945,
      0.09613766521215439,
      0.042094629257917404,
      0.02850954234600067,
      -0.0610940121114254,
      0.04663033038377762,
      -0.10532037913799286,
      0.018219126388430595,
      0.06675458699464798,
      0.024570878595113754,
      0.05677756294608116,
      -0.108103446662426,
      0.12696115672588348,
      0.07168006896972656,
      0.04263569042086601,
      -0.06012977287173271,
      -0.03546779975295067
    ],
    [
      -0.04860890656709671,
      0.0733947902917862,
      0.02112594060599804,
      0.015132972039282322,
      -0.06251966208219528,
      -0.05668599531054497,
      -0.5093077421188354,
      -0.06258664280176163,
      0.04647613689303398,
      0.0035554219502955675,
      0.20861369371414185,
      0.009335828945040703,
      0.03209022432565689,
      -0.06599362939596176,
      0.049710847437381744,
      0.02653438225388527,
      0.057849980890750885,
      -0.03903721272945404,
      0.06038322299718857,
      -0.0675802081823349,
      0.0011642189929261804,
      0.045385006815195084,
      0.07043460011482239,
      0.08128809928894043,
      -0.09961400926113129,
      0.11116890609264374,
      0.027002643793821335,
      0.05187712237238884,
      -0.04444093257188797,
      -0.03531211242079735
    ],
    [
      -0.09516523778438568,
      0.06704293191432953,
      -0.006445054896175861,
      0.010031462647020817,
      -0.08017412573099136,
      -0.06099798157811165,
      -0.47142601013183594,
      -0.08228541910648346,
      0.0490698404610157,
      0.014660272747278214,
      0.19264185428619385,
      0.03221513703465462,
      0.05475457012653351,
      0.011738969944417477,
      0.11213400959968567,
      0.054471105337142944,
      0.03221816569566727,
      -0.003939393442124128,
      0.043952032923698425,
      -0.04850582405924797,
      0.013203137554228306,
      0.03886403143405914,
      0.012661679647862911,
      0.08261654525995255,
      -0.0812859907746315,
      0.10390066355466843,
      0.008281804621219635,
      0.03234415128827095,
      -0.02098810486495495,
      -0.04412548243999481
    ],
    [
      -0.03262818232178688,
      0.08110971748828888,
      0.03906979039311409,
      0.07829280942678452,
      -0.03593017905950546,
      -0.013826870359480381,
      -0.4922853410243988,
      -0.07209210097789764,
      0.04165158048272133,
      0.029952669516205788,
      0.16930918395519257,
      -0.02163601480424404,
      0.035923928022384644,
      -0.06713099032640457,
      0.07165680825710297,
      0.04802154004573822,
      0.004362498875707388,
      -0.023457510396838188,
      0.05692815035581589,
      -0.03854307532310486,
      0.013481633737683296,
      0.058049339801073074,
      0.031810205429792404,
      0.07157092541456223,
      -0.06912340223789215,
      0.07976673543453217,
      0.009277393110096455,
      0.01922471635043621,
      -0.011921539902687073,
      -0.032992586493492126
    ],
    [
      -0.03453981503844261,
      0.04660411179065704,
      0.030010277405381203,
      0.09665749222040176,
      -0.026721535250544548,
      0.019931791350245476,
      -0.4822542667388916,
      -0.02231660857796669,
      0.08063502609729767,
      0.08555067330598831,
      0.18656492233276367,
      -0.036891527473926544,
      0.07338161766529083,
      -0.07811200618743896,
      0.08638746291399002,
      0.07197609543800354,
      -0.019912168383598328,
      -0.021862247958779335,
      0.05681581795215607,
      -0.05890537425875664,
      -0.010896723717451096,
      0.05644974112510681,
      -0.009493296965956688,
      0.08072271198034286,
      -0.07025816291570663,
      0.12115457653999329,
      0.04352237284183502,
      -0.03203117474913597,
      -0.06103852391242981,
      -0.08821561932563782
    ],
    [
      -0.047173939645290375,
      0.05779183283448219,
      -0.007536242716014385,
      0.05487947165966034,
      -0.05053276568651199,
      0.002059350023046136,
      -0.4715355634689331,
      -0.06414279341697693,
      0.04262586683034897,
      0.06247355416417122,
      0.2082679271697998,
      -0.025015752762556076,
      0.09128663688898087,
      -0.07618775218725204,
      0.07998936623334885,
      0.06993266195058823,
      -0.015345471911132336,
      -0.0047622546553611755,
      0.07272141426801682,
      -0.024159042164683342,
      0.03317145258188248,
      0.032702114433050156,
      -0.0038214907981455326,
      0.11258602887392044,
      -0.05957978963851929,
      0.11765757203102112,
      0.00890349317342043,
      -0.013077015057206154,
      -0.0411921851336956,
      -0.07868456840515137
    ],
    [
      -0.044096674770116806,
      0.06575960665941238,
      0.0007964795222505927,
      0.05426061898469925,
      -0.04996994137763977,
      -0.005296451970934868,
      -0.49344491958618164,
      -0.05280650407075882,
      0.04839791730046272,
      0.07688454538583755,
      0.20082689821720123,
